minx,miny,maxx,maxy
242302.18390379904,4121998.562729241,248446.18390379904,4129371.3627292407
